{"timestamp": 1647984628388, "ftr_vector": [3750.2773322033895, 2900.2468152542374, 2285.6364983050844, 1906.0654847457627, 1624.42269122807, 1471.5519491525424, 1329.889146551724, 1275.5842866666667, 1222.2692430357142, 1222.3276551724139, 1194.1020238596493, 1286.109372881356, 1604.0308758620693, 2796.87446779661, 3717.5469983050843, 5751.229325423728, 6966.832796610169, 8346.746803389831, 7980.2367237288145, 8275.472898305085, 8308.13459, 8477.730742372882, 8277.440276271187, 8078.46125423729, 8064.485862711864, 8064.485862711864, 7478.068900000001, 7478.068900000001, 7237.927440677967, 7237.927440677967, 6862.158298305085, 6862.158298305085, 7019.447869491524, 7019.447869491524, 7722.573730508475, 7722.573730508475, 7843.356913559322, 7843.356913559322, 7802.461847457627, 7802.461847457627, 6740.124349152542, 6740.124349152542, 6127.453664406778, 6127.453664406778, 5712.164598305085, 5712.164598305085, 5589.33349322034, 5589.33349322034, 5373.609272881356, 5373.609272881356, 5945.49253220339, 5945.49253220339, 5666.810637288137, 5666.810637288137, 6015.127406779661, 6015.127406779661, 6122.631415254237, 6122.631415254237, 6290.536542372882, 6290.536542372882, 6595.431947457628, 6595.431947457628, 7243.622896610169, 7243.622896610169, 6786.632813559321, 6786.632813559321, 5590.343449152542, 5590.343449152542, 4646.369747457627, 4646.369747457627, 3966.6777474576274, 3966.6777474576274, 1012.5, 1012.5, 95.0, 95.0, 13.4, 13.4, 77.0, 77.0, 3.9, 3.9, 1012.4, 1012.4, 96.0, 96.0, 13.3, 13.3, 76.0, 76.0, 3.4, 3.4, 1012.3, 1012.3, 96.0, 96.0, 13.3, 13.3, 76.0, 76.0, 4.0, 4.0, 1012.2, 1012.2, 96.0, 96.0, 13.3, 13.3, 79.0, 79.0, 3.4, 3.4, 1012.0, 1012.0, 95.0, 95.0, 13.2, 13.2, 73.0, 73.0, 3.6, 3.6, 1011.7, 1011.7, 94.0, 94.0, 13.2, 13.2, 70.0, 70.0, 3.6, 3.6, 1011.5, 1011.5, 94.0, 94.0, 13.2, 13.2, 79.0, 79.0, 4.5, 4.5, 1011.7, 1011.7, 94.0, 94.0, 13.3, 13.3, 68.0, 68.0, 4.4, 4.4, 1011.9, 1011.9, 95.0, 95.0, 13.0, 13.0, 62.0, 62.0, 5.1, 5.1, 1012.3, 1012.3, 96.0, 96.0, 12.8, 12.8, 52.0, 52.0, 3.2, 3.2, 1012.9, 1012.9, 95.0, 95.0, 13.1, 13.1, 62.0, 62.0, 5.6, 5.6, 1013.5, 1013.5, 94.0, 94.0, 13.3, 13.3, 64.0, 64.0, 5.6, 5.6, 1013.9, 1013.9, 96.0, 96.0, 12.8, 12.8, 63.0, 63.0, 5.6, 5.6, 1014.2, 1014.2, 95.0, 95.0, 12.7, 12.7, 67.0, 67.0, 6.3, 6.3, 1014.0, 1014.0, 96.0, 96.0, 12.8, 12.8, 61.0, 61.0, 5.1, 5.1, 1013.7, 1013.7, 93.0, 93.0, 12.6, 12.6, 62.0, 62.0, 4.7, 4.7, 1013.3, 1013.3, 89.0, 89.0, 12.8, 12.8, 60.0, 60.0, 5.0, 5.0, 1013.0, 1013.0, 88.0, 88.0, 12.9, 12.9, 63.0, 63.0, 6.5, 6.5, 1013.0, 1013.0, 91.0, 91.0, 12.6, 12.6, 63.0, 63.0, 5.1, 5.1, 1013.2, 1013.2, 94.0, 94.0, 12.1, 12.1, 62.0, 62.0, 5.0, 5.0, 1013.5, 1013.5, 94.0, 94.0, 11.9, 11.9, 58.0, 58.0, 3.8, 3.8, 1013.7, 1013.7, 93.0, 93.0, 11.9, 11.9, 60.0, 60.0, 5.1, 5.1, 1014.1, 1014.1, 95.0, 95.0, 11.6, 11.6, 63.0, 63.0, 4.2, 4.2, 1014.3, 1014.3, 89.0, 89.0, 12.0, 12.0, 52.0, 52.0, 3.8, 3.8]}
