{"timestamp": 1647822562231, "ftr_vector": [0.0, 0.0, 0.0, 0.0, 0.0, 0.0, 0.0, 0.0, 0.0, 0.0, 0.0, 0.0, 0.0, 0.0, 0.0, 0.0, 0.0, 0.0, 0.0, 0.0, 0.0, 0.0, 0.0, 0.0, 21.0447952, 21.014884000000002, 20.983160000000005, 21.3611288, 21.993795999999996, 21.6683984, 21.3801632, 21.391040000000004, 21.670211199999994, 21.997421600000003, 21.702841599999992, 21.8324568, 21.74816159999999, 21.44270479999999, 21.51340399999999, 21.594979999999993, 21.517029599999997, 21.183474400000005, 21.3420944, 21.604043999999995, 22.1261304, 22.01645599999999, 21.0955536, 21.073800000000002, 19.397866399999998, 19.387895999999998, 19.3688616, 19.708761599999995, 20.2743552, 19.9417064, 19.6788504, 19.664451, 19.957115200000004, 20.2607592, 19.92085920000001, 20.0604448, 20.006060800000007, 19.719638399999997, 19.750456000000007, 19.788524800000005, 19.733234400000004, 19.44228, 19.564644000000005, 19.825687199999994, 20.2924832, 20.255877000000005, 19.4812552, 19.438654399999994, -24.153528413793104, -24.15924225, -24.145089517241374, -24.141397499999997, -24.149308965517235, -24.146495999999996, -24.135244137931032, -24.136298999999998, -24.13243117241379, -24.146495999999996, -24.140870068965512, -24.146495999999996, -24.143683034482756, -24.151594499999998, -24.15212193103448, -24.151594499999998, -24.157747862068966, -24.151594499999998, -24.159606428571426, -24.161791499999996, -24.138057103448272, NaN, -24.136298999999998, -24.131993599999998, 17.5, 17.9, 17.0, 16.266666666666666, 15.166666666666666, 15.933333333333335, 17.099999999999998, 17.466666666666665, 17.333333333333332, 17.2, 16.933333333333334, 16.566666666666666, 16.733333333333334, 16.6, 16.366666666666667, 16.133333333333336, 16.666666666666668, 17.76666666666667, 18.866666666666667, 18.433333333333334, 18.266666666666666, 18.2, 18.133333333333336, 17.966666666666665, 19.6, 20.2, 19.566666666666666, 19.099999999999998, 18.233333333333334, 18.733333333333334, 19.63333333333333, 19.833333333333332, 19.733333333333334, 19.766666666666666, 19.5, 19.066666666666666, 19.299999999999997, 19.266666666666666, 18.966666666666665, 18.766666666666666, 19.166666666666664, 19.96666666666667, 20.866666666666667, 20.400000000000002, 20.166666666666668, 20.166666666666668, 20.1, 19.966666666666665, 20.6, 20.966666666666665, 20.7, 20.333333333333332, 19.533333333333335, 19.7, 20.533333333333335, 20.666666666666668, 20.366666666666667, 20.599999999999998, 20.400000000000002, 20.0, 20.0, 19.866666666666664, 19.599999999999998, 19.6, 20.0, 20.866666666666664, 21.76666666666667, 21.333333333333332, 21.166666666666668, 21.2, 21.1, 20.966666666666665, 17.9, 18.233333333333334, 17.400000000000002, 16.7, 15.633333333333333, 16.333333333333332, 17.466666666666665, 17.8, 17.7, 17.599999999999998, 17.3, 16.9, 17.066666666666666, 17.0, 16.7, 16.5, 17.0, 18.066666666666666, 19.166666666666668, 18.733333333333334, 18.5, 18.5, 18.4, 18.266666666666666]}
