{"timestamp": 1633863848654, "ftr_vector": [5845.857281250001]}
{"timestamp": 1633950248654, "ftr_vector": [5690.162369912788]}
{"timestamp": 1634036648654, "ftr_vector": [6468.0951547099185]}
{"timestamp": 1634123048654, "ftr_vector": [6508.610769060776]}
{"timestamp": 1634209448654, "ftr_vector": [6907.972555677455]}
{"timestamp": 1634295848654, "ftr_vector": [7826.9678375378435]}
{"timestamp": 1634382248654, "ftr_vector": [7549.140573164803]}
{"timestamp": 1634468648654, "ftr_vector": [7583.230549655853]}
{"timestamp": 1634555048654, "ftr_vector": [8506.48071606034]}
{"timestamp": 1634641448654, "ftr_vector": [8374.632714415227]}
{"timestamp": 1634727848654, "ftr_vector": [7715.6372312661515]}
{"timestamp": 1634814248654, "ftr_vector": [7460.115986052997]}
{"timestamp": 1634900648654, "ftr_vector": [7699.891458848847]}
{"timestamp": 1634987048654, "ftr_vector": [6756.650317347544]}
{"timestamp": 1635073448654, "ftr_vector": [7482.175764309766]}
{"timestamp": 1635159848654, "ftr_vector": [7348.288272075303]}
{"timestamp": 1635246248654, "ftr_vector": [7953.174008458646]}
{"timestamp": 1635332648654, "ftr_vector": [4380.780666724336]}
{"timestamp": 1635419048654, "ftr_vector": [5868.514952536825]}
{"timestamp": 1635505448654, "ftr_vector": [7609.8742569767455]}
{"timestamp": 1635591848654, "ftr_vector": [7404.128932680538]}
{"timestamp": 1635678248654, "ftr_vector": [6898.913932658453]}
{"timestamp": 1635764648654, "ftr_vector": [7460.385811731317]}
{"timestamp": 1635851048654, "ftr_vector": [8263.9671208159]}
{"timestamp": 1635937448654, "ftr_vector": [8484.978776135742]}
{"timestamp": 1636023848654, "ftr_vector": [9430.44347307133]}
{"timestamp": 1636110248654, "ftr_vector": [10500.116215130867]}
{"timestamp": 1636196648654, "ftr_vector": [8104.01346310285]}
{"timestamp": 1636283048654, "ftr_vector": [7564.754409580393]}
{"timestamp": 1636369448654, "ftr_vector": [7461.951328506789]}
{"timestamp": 1636455848654, "ftr_vector": [8061.350191044774]}
{"timestamp": 1636542248654, "ftr_vector": [7945.651856174335]}
{"timestamp": 1636628648654, "ftr_vector": [9723.164107471035]}
{"timestamp": 1636715048654, "ftr_vector": [9302.364777692008]}
{"timestamp": 1636801448654, "ftr_vector": [10807.333884267626]}
{"timestamp": 1636887848654, "ftr_vector": [9873.05782958199]}
{"timestamp": 1636974248654, "ftr_vector": [9843.321225311942]}
{"timestamp": 1637060648654, "ftr_vector": [10434.07833938346]}
{"timestamp": 1637147048654, "ftr_vector": [9600.277542685093]}
{"timestamp": 1637233448654, "ftr_vector": [6145.620225555107]}
{"timestamp": 1637319848654, "ftr_vector": [4964.901478945249]}
{"timestamp": 1637406248654, "ftr_vector": [6716.59261014493]}
{"timestamp": 1637492648654, "ftr_vector": [7010.795342495636]}
{"timestamp": 1637579048654, "ftr_vector": [7617.443169462364]}
{"timestamp": 1637665448654, "ftr_vector": [4585.840705171256]}
{"timestamp": 1637751848654, "ftr_vector": [5599.421254093733]}
{"timestamp": 1637838248654, "ftr_vector": [6319.3213897959195]}
{"timestamp": 1637924648654, "ftr_vector": [6843.890047695609]}
{"timestamp": 1638011048654, "ftr_vector": [7949.190649404027]}
{"timestamp": 1638097448654, "ftr_vector": [8065.254285613539]}
{"timestamp": 1638092632441, "ftr_vector": [10176.05]}
{"timestamp": 1638179032441, "ftr_vector": [8858.465887208953]}
{"timestamp": 1638265432441, "ftr_vector": [7682.085650426739]}
{"timestamp": 1638351832441, "ftr_vector": [6667.848661538461]}
{"timestamp": 1638438232441, "ftr_vector": [5834.813608534323]}
{"timestamp": 1638446400121, "ftr_vector": [5922.923562945369]}
{"timestamp": 1638532800291, "ftr_vector": [6975.999593420499]}
{"timestamp": 1638619200291, "ftr_vector": [6727.222461393597]}
{"timestamp": 1638705600977, "ftr_vector": [6506.504476608188]}
{"timestamp": 1638792000623, "ftr_vector": [5420.3237667493795]}
{"timestamp": 1638878400817, "ftr_vector": [6745.81088188648]}
{"timestamp": 1638964800817, "ftr_vector": [5676.596900269542]}
{"timestamp": 1639051200655, "ftr_vector": [5926.3803926754845]}
{"timestamp": 1639137600565, "ftr_vector": [5641.988213001383]}
{"timestamp": 1639224000392, "ftr_vector": [6686.620018602314]}
{"timestamp": 1639310400392, "ftr_vector": [5931.05210823072]}
{"timestamp": 1639396800392, "ftr_vector": [5804.583515933232]}
{"timestamp": 1639483200625, "ftr_vector": [5363.7099246467815]}
{"timestamp": 1639569600333, "ftr_vector": [6344.960659986178]}
{"timestamp": 1639656000333, "ftr_vector": [6176.888951361867]}
{"timestamp": 1639742400617, "ftr_vector": [6748.010902200488]}
{"timestamp": 1639828800486, "ftr_vector": [5453.147782414308]}
{"timestamp": 1639915200409, "ftr_vector": [5648.57796479648]}
{"timestamp": 1640001600411, "ftr_vector": [5970.539195580111]}
{"timestamp": 1640088000411, "ftr_vector": [5352.008567123288]}
{"timestamp": 1640174400753, "ftr_vector": [5407.101662883087]}
{"timestamp": 1640260800401, "ftr_vector": [5249.775191954023]}
{"timestamp": 1640347200209, "ftr_vector": [7085.658196850392]}
{"timestamp": 1640433600209, "ftr_vector": [5537.436236972706]}
{"timestamp": 1640520000721, "ftr_vector": [8254.44387234043]}
{"timestamp": 1640606400721, "ftr_vector": [7395.360620454548]}
{"timestamp": 1640692800721, "ftr_vector": [5688.534367243133]}
{"timestamp": 1640779200953, "ftr_vector": [5155.372592548075]}
{"timestamp": 1640865600473, "ftr_vector": [6637.180615158922]}
{"timestamp": 1640952000473, "ftr_vector": [4678.280649526386]}
{"timestamp": 1641038400080, "ftr_vector": [4451.943296583852]}
{"timestamp": 1641124800833, "ftr_vector": [7252.584569122099]}
{"timestamp": 1641211200833, "ftr_vector": [4660.020807352941]}
{"timestamp": 1641297600577, "ftr_vector": [6429.464799207397]}
{"timestamp": 1641384000577, "ftr_vector": [4966.215834763948]}
{"timestamp": 1641729600156, "ftr_vector": [7017.546404699738]}
{"timestamp": 1641816000156, "ftr_vector": [6233.522436688314]}
{"timestamp": 1641902400156, "ftr_vector": [5309.302478322673]}
{"timestamp": 1641988800156, "ftr_vector": [4423.382586633663]}
{"timestamp": 1642075200156, "ftr_vector": [5632.399551617874]}
{"timestamp": 1642161600156, "ftr_vector": [6379.193219298247]}
{"timestamp": 1642248000156, "ftr_vector": [5606.194304407713]}
{"timestamp": 1642334400156, "ftr_vector": [4842.798975000001]}
{"timestamp": 1642420800390, "ftr_vector": [5403.767657807311]}
{"timestamp": 1642507200897, "ftr_vector": [6984.79693430657]}
{"timestamp": 1642593600035, "ftr_vector": [7601.613080133553]}
{"timestamp": 1642680000035, "ftr_vector": [7542.360675599437]}
{"timestamp": 1642766400035, "ftr_vector": [7236.624978551165]}
{"timestamp": 1642852800035, "ftr_vector": [6209.734362579278]}
{"timestamp": 1642939200035, "ftr_vector": [6334.14544845361]}
{"timestamp": 1643025600035, "ftr_vector": [5823.602991053678]}
{"timestamp": 1643112000035, "ftr_vector": [4688.993506072793]}
{"timestamp": 1643198400035, "ftr_vector": [6024.745957724427]}
{"timestamp": 1643284800035, "ftr_vector": [5687.628665089191]}
{"timestamp": 1643371200035, "ftr_vector": [5661.486019224047]}
{"timestamp": 1643457600035, "ftr_vector": [5195.525490658799]}
{"timestamp": 1643544000035, "ftr_vector": [5138.457235579614]}
{"timestamp": 1643630400035, "ftr_vector": [5081.442369224505]}
{"timestamp": 1643716800035, "ftr_vector": [5266.012423429617]}
{"timestamp": 1643803200035, "ftr_vector": [5041.842362769695]}
{"timestamp": 1643889600035, "ftr_vector": [5083.2749091954]}
{"timestamp": 1643976000035, "ftr_vector": [5478.95075771749]}
{"timestamp": 1644062400035, "ftr_vector": [5947.382417888563]}
{"timestamp": 1644148800035, "ftr_vector": [6534.951819387755]}
{"timestamp": 1644235200035, "ftr_vector": [6570.858235852042]}
{"timestamp": 1644321600035, "ftr_vector": [5587.210425647586]}
{"timestamp": 1644408000035, "ftr_vector": [4462.623209696971]}
{"timestamp": 1644494400488, "ftr_vector": [5249.2394996243465]}
{"timestamp": 1644580800488, "ftr_vector": [5002.605381035232]}
{"timestamp": 1644667200488,