{"timestamp": 1648034414713, "ftr_vector": [9731.354457627118, 9988.229838983048, 11245.054940677966, 11240.592627118642, 11316.329822033898, 11530.119991525426, 10660.882508474575, 11421.422999999999, 9677.473661016951, 9093.872952542371, 8638.33515423729, 8644.050725423727, 8714.849145762713, 9812.222144067797, 9460.765483050845, 9626.770864406777, 10459.216593220339, 10860.140661016949, 10006.847432203387, 9256.778979661016, 7852.953405084744, 7105.638620338984, 6484.461489830508, 6017.5316555555555]}
