{"timestamp": 1639560568329, "ftr_vector": []}{"timestamp": 1639612122805, "ftr_vector": [3856.3627625000004, 3646.2168238095237, 4691.1174458333335, 4434.2107898305085, 6989.09270625, 6063.198074576271, 6488.7246000000005, 6825.208401694916, 6109.681439583333, 6305.758516949151, 5782.598404166667, 5992.754183050848, 6176.181375, 6024.8559152542375, 6366.505520833333, 6052.708952542373, 6909.391120833334, 6781.9319677966105, 7605.90711875, 7453.233276271187, 6683.8472624999995, 7984.576550847458, 717.484484, 667.5238594117648]}
{"timestamp": 1639612338692, "ftr_vector": [3797.5029176470593, 3695.2234500000004, 4693.063211764707, 4366.67756779661, 6900.30557254902, 5907.929654237289, 6528.257468627449, 6969.622042372882, 6174.523699999999, 6260.220855932204, 5830.970421568629, 5982.680772881357, 6131.04717254902, 5982.655338983051, 6385.587135294118, 6055.176742372881, 6800.326270588235, 6825.309444067798, 7504.537294117646, 7491.76686440678, 6911.043535294118, 7936.468988135595, 569.1889708333333, 2444.8601576470587]}
