{"timestamp": 1648023542705, "ftr_vector": [27.2193, 28.53176666666667, 26.993800000000004, 26.417433333333335, 26.713766666666665, 26.286666666666665, 27.219566666666665, 25.963931034482762, 26.297766666666668, 26.327366666666663, 25.400966666666665, 26.089199999999998, 26.189899999999998, 26.5227, 27.447, 27.11886666666667, 28.563766666666666, 28.62683333333333, 29.439200000000003, 29.004599999999996, 28.79736666666667, 28.776733333333333, 27.6843, 25.3755, 23.4188, 21.931633333333334, 20.0098, 19.0868, 18.57966666666667, 17.727433333333337, 18.1062, 17.513733333333334, 17.368333333333336, 16.746166666666664, 17.258166666666668, 17.285266666666665, 18.373099999999997, 20.33986666666667, 22.056500000000003, 23.67383333333333, 27.082966666666668, 28.531266666666667, 28.901333333333334, 29.581133333333334, 29.4111, 28.6101, 28.219066666666663, 29.3268125]}
