{"timestamp": 1647871200587, "ftr_vector": [25.986666666666665, 25.986666666666665, 27.506666666666664, 27.506666666666664, 26.277666666666665, 26.277666666666665, 25.378666666666664, 25.378666666666664, 25.378666666666664, 25.378666666666664]}
