{"timestamp": 1647984616817, "ftr_vector": [6131.715076271185, 5330.184152542372, 4657.531103389831, 4110.854127118644, 3524.9647140350876, 3608.8547067796612, 3404.5471086206894, 3283.57263508772, 3058.565158928571, 3034.297918965517, 3026.8164684210533, 3881.1561186440676, 4276.562598275862, 5496.763289830508, 6416.164903389829, 9508.661911864408, 12017.849584745762, 12044.828186440678, 13250.070135593221, 13559.452474576272, 13228.569599999999, 13548.207864406779, 13574.840067796611, 12756.16706779661, 12560.443415254236, 12560.443415254236, 10911.045788135592, 10911.045788135592, 9543.446042372883, 9543.446042372883, 10266.67775423729, 10266.67775423729, 11445.013220338984, 11445.013220338984, 11445.259618644068, 11445.259618644068, 11280.685245762712, 11280.685245762712, 11287.75259322034, 11287.75259322034, 10913.281177966102, 10913.281177966102, 10872.23236440678, 10872.23236440678, 9440.08530338983, 9440.08530338983, 9089.756081355932, 9089.756081355932, 8423.915911864407, 8423.915911864407, 8800.735366101695, 8800.735366101695, 9055.616950847458, 9055.616950847458, 9845.533305084748, 9845.533305084748, 9195.493694915254, 9195.493694915254, 10046.302135593218, 10046.302135593218, 10486.652288135594, 10486.652288135594, 10800.733169491526, 10800.733169491526, 9874.07011864407, 9874.07011864407, 8651.184003389832, 8651.184003389832, 7694.523054237288, 7694.523054237288, 6846.124244067796, 6846.124244067796, 1012.5, 1012.5, 95.0, 95.0, 13.4, 13.4, 77.0, 77.0, 3.9, 3.9, 1012.4, 1012.4, 96.0, 96.0, 13.3, 13.3, 76.0, 76.0, 3.4, 3.4, 1012.3, 1012.3, 96.0, 96.0, 13.3, 13.3, 76.0, 76.0, 4.0, 4.0, 1012.2, 1012.2, 96.0, 96.0, 13.3, 13.3, 79.0, 79.0, 3.4, 3.4, 1012.0, 1012.0, 95.0, 95.0, 13.2, 13.2, 73.0, 73.0, 3.6, 3.6, 1011.7, 1011.7, 94.0, 94.0, 13.2, 13.2, 70.0, 70.0, 3.6, 3.6, 1011.5, 1011.5, 94.0, 94.0, 13.2, 13.2, 79.0, 79.0, 4.5, 4.5, 1011.7, 1011.7, 94.0, 94.0, 13.3, 13.3, 68.0, 68.0, 4.4, 4.4, 1011.9, 1011.9, 95.0, 95.0, 13.0, 13.0, 62.0, 62.0, 5.1, 5.1, 1012.3, 1012.3, 96.0, 96.0, 12.8, 12.8, 52.0, 52.0, 3.2, 3.2, 1012.9, 1012.9, 95.0, 95.0, 13.1, 13.1, 62.0, 62.0, 5.6, 5.6, 1013.5, 1013.5, 94.0, 94.0, 13.3, 13.3, 64.0, 64.0, 5.6, 5.6, 1013.9, 1013.9, 96.0, 96.0, 12.8, 12.8, 63.0, 63.0, 5.6, 5.6, 1014.2, 1014.2, 95.0, 95.0, 12.7, 12.7, 67.0, 67.0, 6.3, 6.3, 1014.0, 1014.0, 96.0, 96.0, 12.8, 12.8, 61.0, 61.0, 5.1, 5.1, 1013.7, 1013.7, 93.0, 93.0, 12.6, 12.6, 62.0, 62.0, 4.7, 4.7, 1013.3, 1013.3, 89.0, 89.0, 12.8, 12.8, 60.0, 60.0, 5.0, 5.0, 1013.0, 1013.0, 88.0, 88.0, 12.9, 12.9, 63.0, 63.0, 6.5, 6.5, 1013.0, 1013.0, 91.0, 91.0, 12.6, 12.6, 63.0, 63.0, 5.1, 5.1, 1013.2, 1013.2, 94.0, 94.0, 12.1, 12.1, 62.0, 62.0, 5.0, 5.0, 1013.5, 1013.5, 94.0, 94.0, 11.9, 11.9, 58.0, 58.0, 3.8, 3.8, 1013.7, 1013.7, 93.0, 93.0, 11.9, 11.9, 60.0, 60.0, 5.1, 5.1, 1014.1, 1014.1, 95.0, 95.0, 11.6, 11.6, 63.0, 63.0, 4.2, 4.2, 1014.3, 1014.3, 89.0, 89.0, 12.0, 12.0, 52.0, 52.0, 3.8, 3.8]}
