{"timestamp": 1648034432784, "ftr_vector": [6211.988236842105, 6207.61473275862, 6809.337669642856, 6190.972133333333, 6284.173701754386, 6058.262533898305, 6049.209603448275, 5744.6119051724145, 5388.064822033898, 5172.9525, 6016.927035714286, 5435.02806779661, 5018.891152542373, 5112.248327586207, 5061.037942105263, 5340.042161016949, 5948.275637931034, 5248.6975892857145, 5502.334551724139, 5696.838896551724, 5202.586051724139, 4638.020698214285, 4898.533722222222, 3532.9859722222222]}
