{"timestamp": 1639560568329, "ftr_vector": []}{"timestamp": 1639612122007, "ftr_vector": [6321.766193750001, 6051.380419047619, 8003.915629166667, 7325.680176271187, 9785.024635416667, 8938.82698983051, 9529.49948125, 9751.775694915254, 9331.414302083334, 9626.936932203389, 8616.623066666667, 8645.468862711865, 9485.538685416666, 8958.159613559323, 10053.413416666666, 9027.036908474578, 10812.812791666665, 11033.8986779661, 11011.04425, 11693.385762711867, 9911.287141666668, 11017.001644067797, 1045.6936580851063, 863.0256362]}
{"timestamp": 1639612336925, "ftr_vector": [6275.048415686276, 6064.3280642857135, 7913.332821568628, 7227.177284745763, 9730.859833333334, 8761.929481355932, 9660.908727450982, 9673.393228813558, 9275.048205882353, 9684.321237288137, 8664.580007843137, 8639.726752542372, 9230.742027450979, 8893.451477966104, 9922.99525490196, 9020.996916949152, 10844.049421568627, 11008.53574576271, 11046.881627450983, 11738.929932203391, 10602.993415686275, 11106.230694915253, 1014.6514397727274, 1068.070164107143]}
