{"timestamp": 1645013650321, "ftr_vector": [27.669999999999998, 25.503333333333334, 94.55, 3.434, 3.434, 5.1, 6.8]}
