{"timestamp": 1648034418285, "ftr_vector": [7327.012505084745, 6881.842455932203, 6946.534355932204, 7412.48679661017, 7729.078683050847, 8247.731964406781, 6908.70082881356, 6460.693132203389, 5705.256657627118, 5666.508794915255, 5343.503876271187, 5526.094784745761, 5979.414018644067, 5907.338227118644, 6085.545879661016, 6240.382010169491, 6683.669122033897, 6771.798694915254, 7002.312059322034, 6186.288286440678, 4789.316098305085, 4157.437422033899, 3783.6493050847457, 3246.0184333333327]}
