{"timestamp": 1648044000171, "ftr_vector": [0, 0, 0, 0, 0, 95.45146506198193, 106.7336250001099, 110.05317857139744, 135.88239285725285, 84.34473214286845, 65.31367857125588, 59.119553571450524]}
