{"timestamp": 1641471262769, "ftr_vector": [59.172969696969695, 59.172969696969695, 95.96840740740743, 97.55656666666667, 96.97736363636363, 96.97736363636363, 93.81629629629631, 88.7499, 88.4740303030303, 88.4740303030303]}
