{"timestamp": 1646408488152, "ftr_vector": [17.89333333333333, 18.380000000000003, 35.400000000000006, 3.403, 3.403, 11.75, 12.768]}
