{"timestamp": 1641474000662, "ftr_vector": [19.983217391304347, 22.564456521739128, 25.824065217391304, 25.444760869565222, 26.08423913043478, 25.865717391304344, 24.12745652173913, 24.12745652173913, 24.12745652173913, 24.12745652173913]}
