{"timestamp": 1646408489183, "ftr_vector": [37.88333333333333, 37.916666666666664, 35.400000000000006, 3.403, 3.403, 11.75, 6.419999999999999]}
