{"timestamp": 1642601619150, "ftr_vector": [24.853333333333335, 24.89, 72.85, 3.393, 3.393, 7.25, 0.5533333333333333]}
