{"timestamp": 1648036800759, "ftr_vector": [0.0, 0.0, 0.0, 95.40546423883643, 106.64083018840756, 109.8454150945181, 136.53837735851994, 85.03279245272279, 65.53500000014901, 59.18009433953557, 1029.9, 73.0, 0.3, 22.5, 2.5, 1029.7, 75.0, 0.1, 0.0, 2.0, 1029.7, 74.0, -0.5, 22.5, 2.9, 1029.5, 76.0, -1.0, 22.5, 3.4, 1029.6, 59.0, 3.5, 22.5, 3.9, 1029.7, 44.0, 7.0, 22.5, 4.8, 1029.6, 36.0, 9.7, 22.5, 5.0, 1029.3, 31.0, 12.2, 22.5, 5.3, 1028.9, 25.0, 13.2, 45.0, 6.6, 1028.2, 23.0, 14.0, 22.5, 6.0]}
