{"timestamp": 1647814230913, "ftr_vector": [134.82044000000002, 182.66006, 244.85279, 169.02959, 156.50511, 222.61828, 186.7176, 223.28204, 184.79190000000003, 246.31737000000004, 138.97471, 177.58976, 245.77997999999997, 160.53275000000002, 157.08462999999998, 217.40931999999998, 211.87043, 133.51230999999999, 104.7368, 138.66649999999998]}
