{"timestamp": 1647984684384, "ftr_vector": [3242.50709122807, 2745.535644642857, 2538.4338844827585, 2309.1517178571426, 1985.6321837931034, 2180.1364655172415, 1637.3922337931037, 1970.905194827586, 1537.0763522033897, 1525.2471674576275, 1362.9943511864408, 1333.5129465517243, 1312.853092542373, 1856.8149332203388, 2585.308881034483, 4781.249894736842, 6500.548140350878, 6614.044310344829, 6246.527648148149, 6791.301087719298, 7738.541591666666, 7261.65236440678, 7153.376353448276, 6656.249821428572, 6724.317379310345, 6724.317379310345, 6420.0148125, 6420.0148125, 6103.980535714285, 6103.980535714285, 6654.660881355931, 6654.660881355931, 6298.976368421052, 6298.976368421052, 6395.83325, 6395.83325, 6000.718181034483, 6000.718181034483, 6233.933415254237, 6233.933415254237, 5882.902103448277, 5882.902103448277, 5596.264224137931, 5596.264224137931, 5424.258372881356, 5424.258372881356, 5108.187035087719, 5108.187035087719, 6027.65800862069, 6027.65800862069, 5338.541396551723, 5338.541396551723, 4890.265741379311, 4890.265741379311, 5187.499831034484, 5187.499831034484, 5174.3892068965515, 5174.3892068965515, 5200.969655172414, 5200.969655172414, 6196.300034482758, 6196.300034482758, 5198.830105263159, 5198.830105263159, 5530.531431034483, 5530.531431034483, 5576.571377192982, 5576.571377192982, 5110.811655172414, 5110.811655172414, 4838.836350943397, 4838.836350943397, 1012.5, 1012.5, 95.0, 95.0, 13.4, 13.4, 77.0, 77.0, 3.9, 3.9, 1012.4, 1012.4, 96.0, 96.0, 13.3, 13.3, 76.0, 76.0, 3.4, 3.4, 1012.3, 1012.3, 96.0, 96.0, 13.3, 13.3, 76.0, 76.0, 4.0, 4.0, 1012.2, 1012.2, 96.0, 96.0, 13.3, 13.3, 79.0, 79.0, 3.4, 3.4, 1012.0, 1012.0, 95.0, 95.0, 13.2, 13.2, 73.0, 73.0, 3.6, 3.6, 1011.7, 1011.7, 94.0, 94.0, 13.2, 13.2, 70.0, 70.0, 3.6, 3.6, 1011.5, 1011.5, 94.0, 94.0, 13.2, 13.2, 79.0, 79.0, 4.5, 4.5, 1011.7, 1011.7, 94.0, 94.0, 13.3, 13.3, 68.0, 68.0, 4.4, 4.4, 1011.9, 1011.9, 95.0, 95.0, 13.0, 13.0, 62.0, 62.0, 5.1, 5.1, 1012.3, 1012.3, 96.0, 96.0, 12.8, 12.8, 52.0, 52.0, 3.2, 3.2, 1012.9, 1012.9, 95.0, 95.0, 13.1, 13.1, 62.0, 62.0, 5.6, 5.6, 1013.5, 1013.5, 94.0, 94.0, 13.3, 13.3, 64.0, 64.0, 5.6, 5.6, 1013.9, 1013.9, 96.0, 96.0, 12.8, 12.8, 63.0, 63.0, 5.6, 5.6, 1014.2, 1014.2, 95.0, 95.0, 12.7, 12.7, 67.0, 67.0, 6.3, 6.3, 1014.0, 1014.0, 96.0, 96.0, 12.8, 12.8, 61.0, 61.0, 5.1, 5.1, 1013.7, 1013.7, 93.0, 93.0, 12.6, 12.6, 62.0, 62.0, 4.7, 4.7, 1013.3, 1013.3, 89.0, 89.0, 12.8, 12.8, 60.0, 60.0, 5.0, 5.0, 1013.0, 1013.0, 88.0, 88.0, 12.9, 12.9, 63.0, 63.0, 6.5, 6.5, 1013.0, 1013.0, 91.0, 91.0, 12.6, 12.6, 63.0, 63.0, 5.1, 5.1, 1013.2, 1013.2, 94.0, 94.0, 12.1, 12.1, 62.0, 62.0, 5.0, 5.0, 1013.5, 1013.5, 94.0, 94.0, 11.9, 11.9, 58.0, 58.0, 3.8, 3.8, 1013.7, 1013.7, 93.0, 93.0, 11.9, 11.9, 60.0, 60.0, 5.1, 5.1, 1014.1, 1014.1, 95.0, 95.0, 11.6, 11.6, 63.0, 63.0, 4.2, 4.2, 1014.3, 1014.3, 89.0, 89.0, 12.0, 12.0, 52.0, 52.0, 3.8, 3.8]}
