{"timestamp": 1647817754991, "ftr_vector": [6304.663534090909, 6445.30543902439, 6349.453441558442, 6254.549272727273, 6463.528525821595, 7117.812024271845, 7336.969048648646, 7775.545007677542, 8031.088398907104, 8140.686213333335, 7747.351569620253, 7373.054620689656, 7023.102576388889, 6818.206742647059, 6664.548488549619, 6279.989954248366, 6279.661402597403, 6632.7495629139075, 6740.388733333333, 6539.368171122995, 6376.731588235293, 6565.837024, 6364.303980263157, 6313.386928571428]}
