{"timestamp": 1646408489097, "ftr_vector": [25.656666666666666, 25.709999999999997, 36.2, 3.403, 3.403, 11.75, 7.176666666666667]}
