{"timestamp": 1646408488295, "ftr_vector": [24.63, 24.65, 35.400000000000006, 3.403, 3.403, 11.75, 10.28]}
{"timestamp": 1647867360926, "ftr_vector": [20.99, 21.02, 41.35, 3.407, 3.407, 14.45, 11.865]}
{"timestamp": 1647878160926, "ftr_vector": [20.88, 20.9, 35.85, 3.4275, 3.4275, 15.649999999999999, 13.07]}
{"timestamp": 1647888960926, "ftr_vector": [20.86, 20.86, 51.3, 3.427, 3.427, 12.35, 14.023333333333333]}
{"timestamp": 1647892560926, "ftr_vector": [20.85, 20.86, 59.9, 3.427, 3.427, 10.0, 14.183333333333332]}
{"timestamp": 1647896160926, "ftr_vector": [20.83, 20.85, 64.1, 3.425, 3.425, 8.95, 14.270000000000001]}
{"timestamp": 1647914160926, "ftr_vector": [20.76, 20.77, 83.75, 3.426, 3.426, 3.8499999999999996, 14.06]}
{"timestamp": 1647917760926, "ftr_vector": [20.76, 20.76, 85.5, 3.426, 3.426, 3.25, 13.936666666666667]}
{"timestamp": 1647921360926, "ftr_vector": [20.76, 20.76, 87.65, 3.4265, 3.4265, 2.8, 13.803333333333333]}
{"timestamp": 1647924960926, "ftr_vector": [20.77, 20.76, 88.69999999999999, 3.4265, 3.4265, 2.3499999999999996, 13.65]}
{"timestamp": 1647928560926, "ftr_vector": [20.77, 20.77, 90.5, 3.425, 3.425, 2.1, 13.469999999999999]}
{"timestamp": 1647932160926, "ftr_vector": [20.77, 20.77, 88.25, 3.425, 3.425, 2.95, 13.293333333333331]}
{"timestamp": 1647935760926, "ftr_vector": [20.78, 20.77, 76.55000000000001, 3.4225000000000003, 3.4225000000000003, 6.35, 13.12]}
{"timestamp": 1647939360926, "ftr_vector": [20.78, 20.78, 63.95, 3.4215, 3.4215, 9.3, 12.933333333333332]}
{"timestamp": 1647942960926, "ftr_vector": [20.78, 20.78, 59.5, 3.4215, 3.4215, 10.8, 12.743333333333334]}
{"timestamp": 1647946560926, "ftr_vector": [20.71, 20.78, 54.3, 3.422, 3.422, 12.1, 12.6]}
{"timestamp": 1647950160926, "ftr_vector": [20.68, 20.71, 50.45, 3.422, 3.422, 13.600000000000001, 12.549999999999999]}
{"timestamp": 1647953760926, "ftr_vector": [20.64, 20.68, 44.099999999999994, 3.4225000000000003, 3.4225000000000003, 14.85, 12.626666666666667]}
{"timestamp": 1647957360926, "ftr_vector": [20.58, 20.64, 37.95, 3.422, 3.422, 15.35, 12.856666666666667]}
{"timestamp": 1647960960926, "ftr_vector": [20.55, 20.58, 27.950000000000003, 3.4215, 3.4215, 16.1, 13.246666666666668]}
{"timestamp": 1647975360926, "ftr_vector": [20.5, 20.52, 34.35, 3.4215, 3.4215, 11.5, 14.656666666666666]}
{"timestamp": 1647978960926, "ftr_vector": [20.49, 20.5, 48.35, 3.422, 3.422, 8.9, 14.770000000000001]}
{"timestamp": 1647982560926, "ftr_vector": [20.46, 20.49, 56.650000000000006, 3.422, 3.422, 7.35, 14.813333333333333]}
{"timestamp": 1647986160926, "ftr_vector": [20.44, 20.46, 61.95, 3.4215, 3.4215, 6.1, 14.803333333333333]}
{"timestamp": 1647996960926, "ftr_vector": [20.42, 20.42, 74.45, 3.4225000000000003, 3.4225000000000003, 3.65, 14.525]}
{"timestamp": 1648000560926, "ftr_vector": [20.42, 20.42, 77.75, 3.422, 3.422, 2.95, 14.410000000000002]}
{"timestamp": 1648011360926, "ftr_vector": [20.43, 20.43, 86.3, 3.4195, 3.4195, 1.45, 13.865]}
{"timestamp": 1648014960926, "ftr_vector": [20.44, 20.43, 86.95, 3.4175, 3.4175, 1.05, 13.706666666666665]}
{"timestamp": 1648018560926, "ftr_vector": [20.44, 20.44, 84.5, 3.419, 3.419, 2.0999999999999996, 13.51]}
{"timestamp": 1648022160926, "ftr_vector": [20.45, 20.44, 72.75, 3.4165, 3.4165, 5.65, 13.299999999999999]}
{"timestamp": 1648025760926, "ftr_vector": [20.44, 20.45, 57.650000000000006, 3.4175, 3.4175, 8.8, 13.06]}
{"timestamp": 1648036560926, "ftr_vector": [20.33, 20.35, 34.15, 3.417, 3.417, 13.95, 12.693333333333333]}
{"timestamp": 1648040160926, "ftr_vector": [20.23, 20.33, 28.35, 3.4165, 3.4165, 14.7, 12.803333333333335]}
{"timestamp": 1648043760926, "ftr_vector": [20.21, 20.23, 29.799999999999997, 3.417, 3.417, 15.95, 13.116666666666667]}
{"timestamp": 1648054560926, "ftr_vector": [20.1, 20.15, 26.7, 3.4165, 3.4165, 16.75, 14.656666666666666]}
{"timestamp": 1648058160926, "ftr_vector": [20.07, 20.1, 33.05, 3.4165, 3.4165, 15.649999999999999, 14.996666666666668]}
{"timestamp": 1648068960926, "ftr_vector": [20.04, 20.06, 56.3, 3.4175, 3.4175, 8.0, 15.415]}
{"timestamp": 1648079760926, "ftr_vector": [20.04, 20.06, 75.30000000000001, 3.417, 3.417, 4.4, 15.283333333333333]}
{"timestamp": 1648083360926, "ftr_vector": [20.03, 20.04, 77.5, 3.417, 3.417, 3.75, 15.163333333333334]}
{"timestamp": 1648086960926, "ftr_vector": [20.01, 20.03, 80.1, 3.416, 3.416, 3.0, 15.023333333333333]}
{"timestamp": 1648090560926, "ftr_vector": [19.99, 20.01, 81.30000000000001, 3.417, 3.417, 2.55, 14.87]}
{"timestamp": 1648094160926, "ftr_vector": [19.98, 19.99, 84.19999999999999, 3.413, 3.413, 2.0, 14.69]}
{"timestamp": 1648097760926, "ftr_vector": [19.98, 19.98, 86.85, 3.412, 3.412, 1.4500000000000002, 14.5]}
{"timestamp": 1648101360926, "ftr_vector": [19.98, 19.98, 89.2, 3.4124999999999996, 3.4124999999999996, 1.3, 14.29]}
{"timestamp": 1648104960926, "ftr_vector": [19.99, 19.98, 86.75, 3.413, 3.413, 2.0999999999999996, 14.08]}
{"timestamp": 1648108560926, "ftr_vector": [19.99, 19.99, 71.94999999999999, 3.413, 3.413, 5.8, 13.87]}
{"timestamp": 1648112160926, "ftr_vector": [20.0, 19.99, 57.5, 3.4124999999999996, 3.4124999999999996, 9.4, 13.656666666666666]}
{"timestamp": 1648115760926, "ftr_vector": [20.0, 20.0, 48.45, 3.412, 3.412, 11.45, 13.446666666666667]}
{"timestamp": 1648119360926, "ftr_vector": [19.9, 20.0, 41.75, 3.4115, 3.4115, 13.75, 13.286666666666667]}
{"timestamp": 1648140960926, "ftr_vector": [19.7, 19.73, 23.75, 3.4074999999999998, 3.4074999999999998, 18.85, 15.173333333333332]}
{"timestamp": 1648144560926, "ftr_vector": [19.66, 19.7, 24.0, 3.407, 3.407, 17.45, 15.526666666666666]}
{"timestamp": 1648148160926, "ftr_vector": [19.61, 19.66, 35.8, 3.408, 3.408, 13.75, 15.756666666666666]}
{"timestamp": 1648151760926, "ftr_vector": [19.59, 19.61, 47.4, 3.407, 3.407, 10.899999999999999, 15.9]}
{"timestamp": 1648162560926, "ftr_vector": [19.59, 19.58, 67.5, 3.4074999999999998, 3.4074999999999998, 6.15, 15.936666666666667]}
{"timestamp": 1648166160926, "ftr_vector": [19.59, 19.59, 72.15, 3.4074999999999998, 3.4074999999999998, 5.5, 15.856666666666667]}
{"timestamp": 1648169760926, "ftr_vector": [19.58, 19.59, 76.75, 3.408, 3.408, 4.5, 15.75]}
{"timestamp": 1648173360926, "ftr_vector": [19.56, 19.58, 79.65, 3.407, 3.407, 3.8499999999999996, 15.616666666666667]}
{"timestamp": 1648184160926, "ftr_vector": [19.51, 19.51, 85.5, 3.4074999999999998, 3.4074999999999998, 2.3, 15.096666666666666]}
{"timestamp": 1648187760926, "ftr_vector": [19.51, 19.51, 86.55, 3.408, 3.408, 2.0, 14.9]}
{"timestamp": 1648191360926, "ftr_vector": [19.52, 19.51, 83.94999999999999, 3.4074999999999998, 3.4074999999999998, 3.05, 14.693333333333333]}
{"timestamp": 1648194960926, "ftr_vector": [19.52, 19.52, 65.25, 3.4074999999999998, 3.4074999999999998, 7.6, 14.486666666666666]}
{"timestamp": 1648198560926, "ftr_vector": [19.52, 19.52, 57.55, 3.4085, 3.4085, 10.25, 14.270000000000001]}
{"timestamp": 1648223760926, "ftr_vector": [19.15, 19.18, 31.45, 3.404, 3.404, 19.1, 15.396666666666667]}
{"timestamp": 1648227360926, "ftr_vector": [19.12, 19.15, 30.900000000000002, 3.4025, 3.4025, 18.95, 15.873333333333335]}
{"timestamp": 1648241760926, "ftr_vector": [19.08, 19.1, 60.35, 3.4025, 3.4025, 9.75, 16.633333333333336]}
{"timestamp": 1648245360926, "ftr_vector": [19.04, 19.08, 63.55, 3.4035, 3.4035, 8.85, 16.646666666666665]}
{"timestamp": 1648256160926, "ftr_vector": [18.99, 18.99, 73.9, 3.402, 3.402, 5.7, 16.41]}
{"timestamp": 1648266960926, "ftr_vector": [19.01, 19.0, 84.25, 3.4005, 3.4005, 3.6, 15.934999999999999]}
{"timestamp": 1648270560926, "ftr_vector": [19.02, 19.01, 85.05000000000001, 3.3985000000000003, 3.3985000000000003, 3.05, 15.786666666666667]}
{"timestamp": 1648274160926, "ftr_vector": [19.02, 19.02, 87.0, 3.3985000000000003, 3.3985000000000003, 2.55, 15.596666666666666]}
{"timestamp": 1648284960926, "ftr_vector": [18.94, 18.99, 53.85, 3.3975, 3.3975, 11.25, 14.979999999999999]}
{"timestamp": 1648295760926,