{"timestamp": 1633863848654, "ftr_vector": [5845.857281250001]}
{"timestamp": 1633950248654, "ftr_vector": [5690.162369912788]}
{"timestamp": 1634036648654, "ftr_vector": [6468.0951547099185]}
{"timestamp": 1634123048654, "ftr_vector": [6508.610769060776]}
{"timestamp": 1634209448654, "ftr_vector": [6907.972555677455]}
{"timestamp": 1634295848654, "ftr_vector": [7826.9678375378435]}
{"timestamp": 1634382248654, "ftr_vector": [7549.140573164803]}
{"timestamp": 1634468648654, "ftr_vector": [7583.230549655853]}
{"timestamp": 1634555048654, "ftr_vector": [8506.48071606034]}
{"timestamp": 1634641448654, "ftr_vector": [8374.632714415227]}
{"timestamp": 1634727848654, "ftr_vector": [7715.6372312661515]}
{"timestamp": 1634814248654, "ftr_vector": [7460.115986052997]}
{"timestamp": 1634900648654, "ftr_vector": [7699.891458848847]}
{"timestamp": 1634987048654, "ftr_vector": [6756.650317347544]}
{"timestamp": 1635073448654, "ftr_vector": [7482.175764309766]}
{"timestamp": 1635159848654, "ftr_vector": [7348.288272075303]}
{"timestamp": 1635246248654, "ftr_vector": [7953.174008458646]}
{"timestamp": 1635332648654, "ftr_vector": [4380.780666724336]}
{"timestamp": 1635419048654, "ftr_vector": [5868.514952536825]}
{"timestamp": 1635505448654, "ftr_vector": [7609.8742569767455]}
{"timestamp": 1635591848654, "ftr_vector": [7404.128932680538]}
{"timestamp": 1635678248654, "ftr_vector": [6898.913932658453]}
{"timestamp": 1635764648654, "ftr_vector": [7460.385811731317]}
{"timestamp": 1635851048654, "ftr_vector": [8263.9671208159]}
{"timestamp": 1635937448654, "ftr_vector": [8484.978776135742]}
{"timestamp": 1636023848654, "ftr_vector": [9430.44347307133]}
{"timestamp": 1636110248654, "ftr_vector": [10500.116215130867]}
{"timestamp": 1636196648654, "ftr_vector": [8104.01346310285]}
{"timestamp": 1636283048654, "ftr_vector": [7564.754409580393]}
{"timestamp": 1636369448654, "ftr_vector": [7461.951328506789]}
{"timestamp": 1636455848654, "ftr_vector": [8061.350191044774]}
{"timestamp": 1636542248654, "ftr_vector": [7945.651856174335]}
{"timestamp": 1636628648654, "ftr_vector": [9723.164107471035]}
{"timestamp": 1636715048654, "ftr_vector": [9302.364777692008]}
{"timestamp": 1636801448654, "ftr_vector": [10807.333884267626]}
{"timestamp": 1636887848654, "ftr_vector": [9873.05782958199]}
{"timestamp": 1636974248654, "ftr_vector": [9843.321225311942]}
{"timestamp": 1637060648654, "ftr_vector": [10434.07833938346]}
{"timestamp": 1637147048654, "ftr_vector": [9600.277542685093]}
{"timestamp": 1637233448654, "ftr_vector": [6145.620225555107]}
{"timestamp": 1637319848654, "ftr_vector": [4964.901478945249]}
{"timestamp": 1637406248654, "ftr_vector": [6716.59261014493]}
{"timestamp": 1637492648654, "ftr_vector": [7010.795342495636]}
{"timestamp": 1637579048654, "ftr_vector": [7617.443169462364]}
{"timestamp": 1637665448654, "ftr_vector": [4585.840705171256]}
{"timestamp": 1637751848654, "ftr_vector": [5599.421254093733]}
{"timestamp": 1637838248654, "ftr_vector": [6319.3213897959195]}
{"timestamp": 1637924648654, "ftr_vector": [6843.890047695609]}
{"timestamp": 1638011048654, "ftr_vector": [7949.190649404027]}
{"timestamp": 1638097448654, "ftr_vector": [8065.254285613539]}
{"timestamp": 1638092632441, "ftr_vector": [10176.05]}
{"timestamp": 1638179032441, "ftr_vector": [8858.465887208953]}
{"timestamp": 1638265432441, "ftr_vector": [7682.085650426739]}
{"timestamp": 1638351832441, "ftr_vector": [6667.848661538461]}
{"timestamp": 1638438232441, "ftr_vector": [5834.813608534323]}
{"timestamp": 1638446400121, "ftr_vector": [5922.923562945369]}
{"timestamp": 1638532800291, "ftr_vector": [6975.999593420499]}
{"timestamp": 1638619200291, "ftr_vector": [6727.222461393597]}
{"timestamp": 1638705600977, "ftr_vector": [6506.504476608188]}
{"timestamp": 1638792000623, "ftr_vector": [5420.3237667493795]}
{"timestamp": 1638878400817, "ftr_vector": [6745.81088188648]}
{"timestamp": 1638964800817, "ftr_vector": [5676.596900269542]}
{"timestamp": 1639051200655, "ftr_vector": [5926.3803926754845]}
{"timestamp": 1639137600565, "ftr_vector": [5641.988213001383]}
{"timestamp": 1639224000392, "ftr_vector": [6686.620018602314]}
{"timestamp": 1639310400392, "ftr_vector": [5931.05210823072]}
{"timestamp": 1639396800392, "ftr_vector": [5804.583515933232]}
{"timestamp": 1639483200625, "ftr_vector": [5363.7099246467815]}
