{"timestamp": 1648027146398, "ftr_vector": [96.60856666666668, 96.4424, 97.06223333333331, 93.76883333333332, 95.58373333333333, 93.3624, 96.7213, 90.80506666666669, 90.2047, 91.86393333333334, 97.3047, 102.73673333333333, 110.20483333333333, 102.75816666666668, 107.58566666666667, 113.66226666666668, 115.55396666666667, 116.88756666666667, 115.896, 113.81586666666665, 110.90153333333335, 97.82866666666668, 86.9638, 81.20779999999999, 70.20056666666666, 66.17676666666668, 61.6096, 59.8017, 59.080666666666666, 56.8171, 56.9552, 56.97196666666666, 58.07293333333334, 58.962333333333326, 60.861399999999996, 65.40823333333333, 70.4695, 84.47883333333334, 101.16533333333334, 114.86503333333333, 113.52083333333333, 108.33316666666668, 108.0854, 106.42916666666665, 106.98940000000002, 102.71913333333332, 102.37899999999999, 93.216]}
