{"timestamp": 1628640000690, "ftr_vector": [0.0, 0.0, 0.0, 0.0, 0.0, 0.0, 0.0, 0.0, 0.0, 0.0, 0.0, 0.0, 0.0, 0.0, 0.0, 0.0, 0.0, 0.0, 0.0, 0.0, 0.0, 0.0, 0.0, 0.0, 13.166970666666673, 13.192651999999999, 13.228908, 12.984180000000004, 14.026539999999999, 13.337676000000002, 13.240993333333341, 13.044606666666668, 13.31803733333333, 13.346740000000002, 13.559743999999998, 13.896622666666671, 13.952517333333333, 13.947985333333339, 13.626213333333338, 13.647362666666668, 13.589957333333334, 13.476657333333335, 13.370620153846154, 13.19178046153846, 13.784775230769224, 14.575434923076928, 13.103929384615387, 13.240412307692308, 18.99622661538461, 19.049564769230763, 19.046427230769233, 18.795424153846156, 19.688053846153853, 19.109178000000007, 19.01348307692308, 18.82993707692308, 19.146828461538455, 19.10604046153846, 19.29743030769231, 19.53092591999999, 19.601771538461538, 19.57039615384615, 19.353906, 19.360181076923077, 19.32253061538461, 19.231542000000005, 19.121728153846163, 18.992524320000005, 19.45273846153846, 20.08495246153846, 18.978970153846152, 19.149966000000003, 44.77581138461538, 44.92013815384615, 44.92641323076923, 44.58912784615383, 45.34841215384617, 44.618934461538444, 44.44009476923076, 44.41656323076924, 44.73502338461539, 44.69266661538462, 44.995439076923084, 45.29664276923075, 45.357824769230774, 45.32644938461539, 45.00171415384616, 44.9577886153846, 44.901312923076915, 44.80875553846155, 44.67541015384616, 44.35694999999999, 44.918569384615374, 46.049652000000016, 45.06917123076922, 45.16800369230769, NaN, NaN, NaN, NaN, NaN, NaN, NaN, NaN, NaN, NaN, NaN, NaN, NaN, NaN, NaN, NaN, NaN, NaN, NaN, NaN, NaN, NaN, NaN, NaN, NaN, NaN, NaN, NaN, NaN, NaN, NaN, NaN, NaN, NaN, NaN, NaN, NaN, NaN, NaN, NaN, NaN, NaN, NaN, NaN, NaN, NaN, NaN, NaN, NaN, NaN, NaN, NaN, NaN, NaN, NaN, NaN, NaN, NaN, NaN, NaN, NaN, NaN, NaN, NaN, NaN, NaN, NaN, NaN, NaN, NaN, NaN, NaN, NaN, NaN, NaN, NaN, NaN, NaN, NaN, NaN, NaN, NaN, NaN, NaN, NaN, NaN, NaN, NaN, NaN, NaN, NaN, NaN, NaN, NaN, NaN, NaN]}